{"stats":{"minecraft:crafted":{"minecraft:oak_planks":20,"minecraft:crafting_table":1},"minecraft:picked_up":{"minecraft:rotten_flesh":2,"minecraft:oak_log":6,"minecraft:spruce_log":1,"minecraft:dirt":1},"minecraft:killed":{"minecraft:zombie":1},"minecraft:killed_by":{"minecraft:creeper":1,"minecraft:zombie":1},"minecraft:mined":{"gravestone:gravestone":2,"minecraft:oak_log":6,"minecraft:dirt_path":1,"minecraft:spruce_leaves":5,"minecraft:oak_leaves":4},"minecraft:used":{"minecraft:oak_log":1,"minecraft:bread":2,"minecraft:oak_planks":4},"minecraft:custom":{"minecraft:time_since_rest":1663,"minecraft:open_chest":7,"minecraft:crouch_one_cm":1748,"minecraft:damage_taken":649,"minecraft:play_time":19264,"minecraft:sprint_one_cm":26650,"minecraft:deaths":2,"minecraft:walk_one_cm":17943,"minecraft:sneak_time":2484,"minecraft:mob_kills":1,"minecraft:drop":1,"minecraft:jump":207,"minecraft:damage_dealt":197,"minecraft:leave_game":2,"minecraft:time_since_death":1514,"minecraft:sleep_in_bed":1,"minecraft:climb_one_cm":547,"minecraft:total_world_time":19264,"minecraft:talked_to_villager":2,"minecraft:interact_with_crafting_table":1,"minecraft:fall_one_cm":5193,"minecraft:fly_one_cm":25819},"minecraft:dropped":{"gravestone:obituary":1}},"DataVersion":3465}